https://www.nike.com/jp/t/%E3%82%A8%E3%82%A2-%E3%82%B8%E3%83%A7%E3%83%BC%E3%83%80%E3%83%B3-1-hi-%E3%83%95%E3%83%A9%E3%82%A4%E3%82%A4%E3%83%BC%E3%82%BA-%E3%83%A1%E3%83%B3%E3%82%BA%E3%82%B7%E3%83%A5%E3%83%BC%E3%82%BA-3Fxnzz/CQ3835-060,CQ3835-060,CQ3835-060.png,에어 조던 1 HI 프라이이스,남성 신발,"17,050","JP 25,JP 25.5,JP 26,JP 26.5,JP 27,JP 27.5,JP 28,JP 28.5,JP 29,JP 29.5,JP 30,JP 31,JP 32,","0,5,5,5,5,5,5,5,5,0,0,5,5,",<img src='https://static.nike.com/a/images/t_default/14146aa2-acd0-4e17-81bb-8e11119a5203/%E3%82%A8%E3%82%A2-%E3%82%B8%E3%83%A7%E3%83%BC%E3%83%80%E3%83%B3-1-hi-%E3%83%95%E3%83%A9%E3%82%A4%E3%82%A4%E3%83%BC%E3%82%BA-%E3%83%A1%E3%83%B3%E3%82%BA%E3%82%B7%E3%83%A5%E3%83%BC%E3%82%BA-3Fxnzz.png'/>,"<img src='https://static.nike.com/a/images/t_default/43236b1a-5f64-49cf-85a0-962d58f6b353/%E3%82%A8%E3%82%A2-%E3%82%B8%E3%83%A7%E3%83%BC%E3%83%80%E3%83%B3-1-hi-%E3%83%95%E3%83%A9%E3%82%A4%E3%82%A4%E3%83%BC%E3%82%BA-%E3%83%A1%E3%83%B3%E3%82%BA%E3%82%B7%E3%83%A5%E3%83%BC%E3%82%BA-3Fxnzz.png'/>,<img src='https://static.nike.com/a/videos/so_22.7/cebf1e0f-d220-4ae0-8d61-e08325a811ca/%E3%82%A8%E3%82%A2-%E3%82%B8%E3%83%A7%E3%83%BC%E3%83%80%E3%83%B3-1-hi-%E3%83%95%E3%83%A9%E3%82%A4%E3%82%A4%E3%83%BC%E3%82%BA-%E3%83%A1%E3%83%B3%E3%82%BA%E3%82%B7%E3%83%A5%E3%83%BC%E3%82%BA-3Fxnzz.jpg'/>,<img src='https://static.nike.com/a/images/t_default/0d13ca01-357f-4f97-8374-b67d2d552398/%E3%82%A8%E3%82%A2-%E3%82%B8%E3%83%A7%E3%83%BC%E3%83%80%E3%83%B3-1-hi-%E3%83%95%E3%83%A9%E3%82%A4%E3%82%A4%E3%83%BC%E3%82%BA-%E3%83%A1%E3%83%B3%E3%82%BA%E3%82%B7%E3%83%A5%E3%83%BC%E3%82%BA-3Fxnzz.png'/>,<img src='https://static.nike.com/a/images/t_default/a4d9366d-0058-4f64-ab44-a776a085bccf/%E3%82%A8%E3%82%A2-%E3%82%B8%E3%83%A7%E3%83%BC%E3%83%80%E3%83%B3-1-hi-%E3%83%95%E3%83%A9%E3%82%A4%E3%82%A4%E3%83%BC%E3%82%BA-%E3%83%A1%E3%83%B3%E3%82%BA%E3%82%B7%E3%83%A5%E3%83%BC%E3%82%BA-3Fxnzz.png'/>,<img src='https://static.nike.com/a/images/t_default/14146aa2-acd0-4e17-81bb-8e11119a5203/%E3%82%A8%E3%82%A2-%E3%82%B8%E3%83%A7%E3%83%BC%E3%83%80%E3%83%B3-1-hi-%E3%83%95%E3%83%A9%E3%82%A4%E3%82%A4%E3%83%BC%E3%82%BA-%E3%83%A1%E3%83%B3%E3%82%BA%E3%82%B7%E3%83%A5%E3%83%BC%E3%82%BA-3Fxnzz.png'/>,<img src='https://static.nike.com/a/images/t_default/5a61506e-1d81-46fd-88c1-944c66a7eaf7/%E3%82%A8%E3%82%A2-%E3%82%B8%E3%83%A7%E3%83%BC%E3%83%80%E3%83%B3-1-hi-%E3%83%95%E3%83%A9%E3%82%A4%E3%82%A4%E3%83%BC%E3%82%BA-%E3%83%A1%E3%83%B3%E3%82%BA%E3%82%B7%E3%83%A5%E3%83%BC%E3%82%BA-3Fxnzz.png'/>,<img src='https://static.nike.com/a/images/t_default/857f3be5-c5e8-483d-b56a-6b83c7ed8380/%E3%82%A8%E3%82%A2-%E3%82%B8%E3%83%A7%E3%83%BC%E3%83%80%E3%83%B3-1-hi-%E3%83%95%E3%83%A9%E3%82%A4%E3%82%A4%E3%83%BC%E3%82%BA-%E3%83%A1%E3%83%B3%E3%82%BA%E3%82%B7%E3%83%A5%E3%83%BC%E3%82%BA-3Fxnzz.png'/>,<img src='https://static.nike.com/a/images/t_default/1b6e1460-62ab-42d5-aa37-e7146f015321/%E3%82%A8%E3%82%A2-%E3%82%B8%E3%83%A7%E3%83%BC%E3%83%80%E3%83%B3-1-hi-%E3%83%95%E3%83%A9%E3%82%A4%E3%82%A4%E3%83%BC%E3%82%BA-%E3%83%A1%E3%83%B3%E3%82%BA%E3%82%B7%E3%83%A5%E3%83%BC%E3%82%BA-3Fxnzz.png'/>,<img src='https://static.nike.com/a/images/t_default/54e118be-b7f1-4933-a877-0347f8d62689/%E3%82%A8%E3%82%A2-%E3%82%B8%E3%83%A7%E3%83%BC%E3%83%80%E3%83%B3-1-hi-%E3%83%95%E3%83%A9%E3%82%A4%E3%82%A4%E3%83%BC%E3%82%BA-%E3%83%A1%E3%83%B3%E3%82%BA%E3%82%B7%E3%83%A5%E3%83%BC%E3%82%BA-3Fxnzz.png'/>,<img src='https://static.nike.com/a/images/t_default/ef4fcfd5-7adc-4dc1-83cb-c15cbdc0e639/%E3%82%A8%E3%82%A2-%E3%82%B8%E3%83%A7%E3%83%BC%E3%83%80%E3%83%B3-1-hi-%E3%83%95%E3%83%A9%E3%82%A4%E3%82%A4%E3%83%BC%E3%82%BA-%E3%83%A1%E3%83%B3%E3%82%BA%E3%82%B7%E3%83%A5%E3%83%BC%E3%82%BA-3Fxnzz.png'/>,<img src='https://static.nike.com/a/images/t_default/4173327c-b7bc-474f-a011-5ea9af35048a/%E3%82%A8%E3%82%A2-%E3%82%B8%E3%83%A7%E3%83%BC%E3%83%80%E3%83%B3-1-hi-%E3%83%95%E3%83%A9%E3%82%A4%E3%82%A4%E3%83%BC%E3%82%BA-%E3%83%A1%E3%83%B3%E3%82%BA%E3%82%B7%E3%83%A5%E3%83%BC%E3%82%BA-3Fxnzz.png'/>,<img src='https://static.nike.com/a/images/t_default/3351776b-6cf2-4071-aeb4-ea4a44cba11f/%E3%82%A8%E3%82%A2-%E3%82%B8%E3%83%A7%E3%83%BC%E3%83%80%E3%83%B3-1-hi-%E3%83%95%E3%83%A9%E3%82%A4%E3%82%A4%E3%83%BC%E3%82%BA-%E3%83%A1%E3%83%B3%E3%82%BA%E3%82%B7%E3%83%A5%E3%83%BC%E3%82%BA-3Fxnzz.png'/>,",원산지: 중국
https://www.nike.com/jp/u/custom-nike-air-force-1-low-by-you-10001371/5654759681,DZ3637-900,DZ3637-900.png,나이키 에어 포스 1 LOW By You,사용자 정의 남성 신발,"18,700","JP 24,JP 24.5,JP 25,JP 25.5,JP 26,JP 26.5,JP 27,JP 27.5,JP 28,JP 28.5,JP 29,JP 29.5,JP 30,JP 30.5,JP 31,JP 32,JP 33,JP 34,JP 35,JP 36,","5,5,5,5,5,5,5,5,5,5,5,5,5,5,5,5,5,5,5,5,","<img src='https://static.nike.com/a/images/t_PDP_1280_v1/f_auto,q_auto:eco/95ea9d81-2559-42bc-a1cf-443ac7a27973/custom-nike-air-force-1-low-by-you.png'/>","<img src='https://static.nike.com/a/images/t_PDP_1280_v1/f_auto,q_auto:eco/1defaebe-cdc7-49ec-8530-acd53889a052/custom-nike-air-force-1-low-by-you.png'/>,<img src='https://static.nike.com/a/images/t_PDP_1280_v1/f_auto,q_auto:eco/3baa68c2-4dd6-48a3-bec5-1b9a5990a715/custom-nike-air-force-1-low-by-you.png'/>,<img src='https://static.nike.com/a/images/t_PDP_1280_v1/f_auto,q_auto:eco/34c1507f-97ae-492c-9b33-395b238cc64b/custom-nike-air-force-1-low-by-you.png'/>,<img src='https://static.nike.com/a/images/t_PDP_1280_v1/f_auto,q_auto:eco/6cb78a76-1f0f-4d00-9fc4-bf69291b3e88/custom-nike-air-force-1-low-by-you.png'/>,<img src='https://static.nike.com/a/images/t_PDP_1280_v1/f_auto,q_auto:eco/95ea9d81-2559-42bc-a1cf-443ac7a27973/custom-nike-air-force-1-low-by-you.png'/>,<img src='https://static.nike.com/a/images/t_PDP_1280_v1/f_auto,q_auto:eco/3061476d-c867-4e22-a092-a45091a0729c/custom-nike-air-force-1-low-by-you.png'/>,","원산지: 베트남, 중국"
https://www.nike.com/jp/t/%E3%82%A8%E3%82%A2-%E3%82%B8%E3%83%A7%E3%83%BC%E3%83%80%E3%83%B3-1-mid-se-%E3%82%AF%E3%83%A9%E3%83%95%E3%83%88-%E3%83%A1%E3%83%B3%E3%82%BA%E3%82%B7%E3%83%A5%E3%83%BC%E3%82%BA-QF3lRs/DM9652-102,DM9652-102,DM9652-102.png,에어 조던 1 MID SE 크래프트,남성 신발,"17,600",,,<img src='https://static.nike.com/a/images/t_default/c29df35b-c4fd-4033-b011-7593c8c71a81/%E3%82%A8%E3%82%A2-%E3%82%B8%E3%83%A7%E3%83%BC%E3%83%80%E3%83%B3-1-mid-se-%E3%82%AF%E3%83%A9%E3%83%95%E3%83%88-%E3%83%A1%E3%83%B3%E3%82%BA%E3%82%B7%E3%83%A5%E3%83%BC%E3%82%BA-QF3lRs.png'/>,"<img src='https://static.nike.com/a/images/t_default/cef1c1e1-8e83-4a1c-9202-8c60bd221a76/%E3%82%A8%E3%82%A2-%E3%82%B8%E3%83%A7%E3%83%BC%E3%83%80%E3%83%B3-1-mid-se-%E3%82%AF%E3%83%A9%E3%83%95%E3%83%88-%E3%83%A1%E3%83%B3%E3%82%BA%E3%82%B7%E3%83%A5%E3%83%BC%E3%82%BA-QF3lRs.png'/>,<img src='https://static.nike.com/a/images/t_default/c30e0c25-1518-4ea2-97d8-4a11108eacbe/%E3%82%A8%E3%82%A2-%E3%82%B8%E3%83%A7%E3%83%BC%E3%83%80%E3%83%B3-1-mid-se-%E3%82%AF%E3%83%A9%E3%83%95%E3%83%88-%E3%83%A1%E3%83%B3%E3%82%BA%E3%82%B7%E3%83%A5%E3%83%BC%E3%82%BA-QF3lRs.png'/>,<img src='https://static.nike.com/a/images/t_default/5a5e49d6-522f-4424-ade0-832393e4b57b/%E3%82%A8%E3%82%A2-%E3%82%B8%E3%83%A7%E3%83%BC%E3%83%80%E3%83%B3-1-mid-se-%E3%82%AF%E3%83%A9%E3%83%95%E3%83%88-%E3%83%A1%E3%83%B3%E3%82%BA%E3%82%B7%E3%83%A5%E3%83%BC%E3%82%BA-QF3lRs.png'/>,<img src='https://static.nike.com/a/images/t_default/655b0b90-c4b5-4ce1-999c-15700032f113/%E3%82%A8%E3%82%A2-%E3%82%B8%E3%83%A7%E3%83%BC%E3%83%80%E3%83%B3-1-mid-se-%E3%82%AF%E3%83%A9%E3%83%95%E3%83%88-%E3%83%A1%E3%83%B3%E3%82%BA%E3%82%B7%E3%83%A5%E3%83%BC%E3%82%BA-QF3lRs.png'/>,<img src='https://static.nike.com/a/images/t_default/c29df35b-c4fd-4033-b011-7593c8c71a81/%E3%82%A8%E3%82%A2-%E3%82%B8%E3%83%A7%E3%83%BC%E3%83%80%E3%83%B3-1-mid-se-%E3%82%AF%E3%83%A9%E3%83%95%E3%83%88-%E3%83%A1%E3%83%B3%E3%82%BA%E3%82%B7%E3%83%A5%E3%83%BC%E3%82%BA-QF3lRs.png'/>,<img src='https://static.nike.com/a/images/t_default/f8a2f880-03f0-4d7a-8761-855f3cafbb1d/%E3%82%A8%E3%82%A2-%E3%82%B8%E3%83%A7%E3%83%BC%E3%83%80%E3%83%B3-1-mid-se-%E3%82%AF%E3%83%A9%E3%83%95%E3%83%88-%E3%83%A1%E3%83%B3%E3%82%BA%E3%82%B7%E3%83%A5%E3%83%BC%E3%82%BA-QF3lRs.png'/>,<img src='https://static.nike.com/a/images/t_default/50c705b3-f544-488b-9023-e367aecfd199/%E3%82%A8%E3%82%A2-%E3%82%B8%E3%83%A7%E3%83%BC%E3%83%80%E3%83%B3-1-mid-se-%E3%82%AF%E3%83%A9%E3%83%95%E3%83%88-%E3%83%A1%E3%83%B3%E3%82%BA%E3%82%B7%E3%83%A5%E3%83%BC%E3%82%BA-QF3lRs.png'/>,<img src='https://static.nike.com/a/images/t_default/6a961de8-31aa-48c2-a5fb-5183e30f49e5/%E3%82%A8%E3%82%A2-%E3%82%B8%E3%83%A7%E3%83%BC%E3%83%80%E3%83%B3-1-mid-se-%E3%82%AF%E3%83%A9%E3%83%95%E3%83%88-%E3%83%A1%E3%83%B3%E3%82%BA%E3%82%B7%E3%83%A5%E3%83%BC%E3%82%BA-QF3lRs.png'/>,",원산지: 인도네시아
https://www.nike.com/jp/t/%E3%82%A8%E3%82%A2-%E3%82%B8%E3%83%A7%E3%83%BC%E3%83%80%E3%83%B3-1-low-se-%E3%82%AF%E3%83%A9%E3%83%95%E3%83%88-%E3%83%A1%E3%83%B3%E3%82%BA%E3%82%B7%E3%83%A5%E3%83%BC%E3%82%BA-S4Mjf1/DN1635-200,DN1635-200,DN1635-200.png,에어 조던 1 LOW SE 크래프트,남성 신발,"16,500",,,<img src='https://static.nike.com/a/images/t_default/06ea6d71-a2ea-48b3-ac39-4778db95ace7/%E3%82%A8%E3%82%A2-%E3%82%B8%E3%83%A7%E3%83%BC%E3%83%80%E3%83%B3-1-low-se-%E3%82%AF%E3%83%A9%E3%83%95%E3%83%88-%E3%83%A1%E3%83%B3%E3%82%BA%E3%82%B7%E3%83%A5%E3%83%BC%E3%82%BA-S4Mjf1.png'/>,"<img src='https://static.nike.com/a/images/t_default/d465f39d-0cf2-424b-9714-78ea2e098b89/%E3%82%A8%E3%82%A2-%E3%82%B8%E3%83%A7%E3%83%BC%E3%83%80%E3%83%B3-1-low-se-%E3%82%AF%E3%83%A9%E3%83%95%E3%83%88-%E3%83%A1%E3%83%B3%E3%82%BA%E3%82%B7%E3%83%A5%E3%83%BC%E3%82%BA-S4Mjf1.png'/>,<img src='https://static.nike.com/a/images/t_default/5f1cfbba-5ad0-4741-8e23-856cb327297d/%E3%82%A8%E3%82%A2-%E3%82%B8%E3%83%A7%E3%83%BC%E3%83%80%E3%83%B3-1-low-se-%E3%82%AF%E3%83%A9%E3%83%95%E3%83%88-%E3%83%A1%E3%83%B3%E3%82%BA%E3%82%B7%E3%83%A5%E3%83%BC%E3%82%BA-S4Mjf1.png'/>,<img src='https://static.nike.com/a/images/t_default/57f3553a-1161-41f3-97a7-3d35d74f50a6/%E3%82%A8%E3%82%A2-%E3%82%B8%E3%83%A7%E3%83%BC%E3%83%80%E3%83%B3-1-low-se-%E3%82%AF%E3%83%A9%E3%83%95%E3%83%88-%E3%83%A1%E3%83%B3%E3%82%BA%E3%82%B7%E3%83%A5%E3%83%BC%E3%82%BA-S4Mjf1.png'/>,<img src='https://static.nike.com/a/images/t_default/f7e3ff1a-3779-4f82-bf7c-31c4eec1664c/%E3%82%A8%E3%82%A2-%E3%82%B8%E3%83%A7%E3%83%BC%E3%83%80%E3%83%B3-1-low-se-%E3%82%AF%E3%83%A9%E3%83%95%E3%83%88-%E3%83%A1%E3%83%B3%E3%82%BA%E3%82%B7%E3%83%A5%E3%83%BC%E3%82%BA-S4Mjf1.png'/>,<img src='https://static.nike.com/a/images/t_default/06ea6d71-a2ea-48b3-ac39-4778db95ace7/%E3%82%A8%E3%82%A2-%E3%82%B8%E3%83%A7%E3%83%BC%E3%83%80%E3%83%B3-1-low-se-%E3%82%AF%E3%83%A9%E3%83%95%E3%83%88-%E3%83%A1%E3%83%B3%E3%82%BA%E3%82%B7%E3%83%A5%E3%83%BC%E3%82%BA-S4Mjf1.png'/>,<img src='https://static.nike.com/a/images/t_default/ab2c75ac-374b-4b65-9a59-962f0fccf544/%E3%82%A8%E3%82%A2-%E3%82%B8%E3%83%A7%E3%83%BC%E3%83%80%E3%83%B3-1-low-se-%E3%82%AF%E3%83%A9%E3%83%95%E3%83%88-%E3%83%A1%E3%83%B3%E3%82%BA%E3%82%B7%E3%83%A5%E3%83%BC%E3%82%BA-S4Mjf1.png'/>,<img src='https://static.nike.com/a/images/t_default/5376908d-0a44-464b-96d8-77fc48d308a0/%E3%82%A8%E3%82%A2-%E3%82%B8%E3%83%A7%E3%83%BC%E3%83%80%E3%83%B3-1-low-se-%E3%82%AF%E3%83%A9%E3%83%95%E3%83%88-%E3%83%A1%E3%83%B3%E3%82%BA%E3%82%B7%E3%83%A5%E3%83%BC%E3%82%BA-S4Mjf1.png'/>,<img src='https://static.nike.com/a/images/t_default/1e22c69b-49d2-4b90-b05b-9121e8bb7e8a/%E3%82%A8%E3%82%A2-%E3%82%B8%E3%83%A7%E3%83%BC%E3%83%80%E3%83%B3-1-low-se-%E3%82%AF%E3%83%A9%E3%83%95%E3%83%88-%E3%83%A1%E3%83%B3%E3%82%BA%E3%82%B7%E3%83%A5%E3%83%BC%E3%82%BA-S4Mjf1.png'/>,",원산지: 인도네시아
https://www.nike.com/jp/t/%E3%82%A8%E3%82%A2-%E3%82%B8%E3%83%A7%E3%83%BC%E3%83%80%E3%83%B3-1-low-%E3%83%A1%E3%83%B3%E3%82%BA%E3%82%B7%E3%83%A5%E3%83%BC%E3%82%BA-mm1M4c/553558-215,553558-215,553558-215.png,에어 조던 1 LOW,남성 신발,"15,400","JP 25,JP 25.5,JP 26,JP 26.5,JP 27,JP 27.5,JP 28,JP 28.5,JP 29,JP 29.5,JP 30,JP 30.5,JP 31,JP 32,JP 33,","5,5,5,5,5,5,5,5,5,5,5,5,5,5,5,",<img src='https://static.nike.com/a/images/t_default/84183399-a832-415d-a1ad-d02d72c7c6ca/%E3%82%A8%E3%82%A2-%E3%82%B8%E3%83%A7%E3%83%BC%E3%83%80%E3%83%B3-1-low-%E3%83%A1%E3%83%B3%E3%82%BA%E3%82%B7%E3%83%A5%E3%83%BC%E3%82%BA-mm1M4c.png'/>,"<img src='https://static.nike.com/a/images/t_default/6930e1f6-b92e-4964-a139-20d430964ab3/%E3%82%A8%E3%82%A2-%E3%82%B8%E3%83%A7%E3%83%BC%E3%83%80%E3%83%B3-1-low-%E3%83%A1%E3%83%B3%E3%82%BA%E3%82%B7%E3%83%A5%E3%83%BC%E3%82%BA-mm1M4c.png'/>,<img src='https://static.nike.com/a/videos/so_0.97/ixyee6ht3iln5mjxk8fu/%E3%82%A8%E3%82%A2-%E3%82%B8%E3%83%A7%E3%83%BC%E3%83%80%E3%83%B3-1-low-%E3%83%A1%E3%83%B3%E3%82%BA%E3%82%B7%E3%83%A5%E3%83%BC%E3%82%BA-mm1M4c.jpg'/>,<img src='https://static.nike.com/a/images/t_default/eb27f8e2-2881-4a9a-b07b-e715df703d91/%E3%82%A8%E3%82%A2-%E3%82%B8%E3%83%A7%E3%83%BC%E3%83%80%E3%83%B3-1-low-%E3%83%A1%E3%83%B3%E3%82%BA%E3%82%B7%E3%83%A5%E3%83%BC%E3%82%BA-mm1M4c.png'/>,<img src='https://static.nike.com/a/images/t_default/b311a888-cf7e-4d8c-9baf-c6026242bd12/%E3%82%A8%E3%82%A2-%E3%82%B8%E3%83%A7%E3%83%BC%E3%83%80%E3%83%B3-1-low-%E3%83%A1%E3%83%B3%E3%82%BA%E3%82%B7%E3%83%A5%E3%83%BC%E3%82%BA-mm1M4c.png'/>,<img src='https://static.nike.com/a/images/t_default/84183399-a832-415d-a1ad-d02d72c7c6ca/%E3%82%A8%E3%82%A2-%E3%82%B8%E3%83%A7%E3%83%BC%E3%83%80%E3%83%B3-1-low-%E3%83%A1%E3%83%B3%E3%82%BA%E3%82%B7%E3%83%A5%E3%83%BC%E3%82%BA-mm1M4c.png'/>,<img src='https://static.nike.com/a/images/t_default/a78e024c-1a0b-4800-b0dc-c88f7d167509/%E3%82%A8%E3%82%A2-%E3%82%B8%E3%83%A7%E3%83%BC%E3%83%80%E3%83%B3-1-low-%E3%83%A1%E3%83%B3%E3%82%BA%E3%82%B7%E3%83%A5%E3%83%BC%E3%82%BA-mm1M4c.png'/>,<img src='https://static.nike.com/a/images/t_default/af4732c3-362b-4c46-ab08-680156d5ac0d/%E3%82%A8%E3%82%A2-%E3%82%B8%E3%83%A7%E3%83%BC%E3%83%80%E3%83%B3-1-low-%E3%83%A1%E3%83%B3%E3%82%BA%E3%82%B7%E3%83%A5%E3%83%BC%E3%82%BA-mm1M4c.png'/>,<img src='https://static.nike.com/a/images/t_default/2c059f41-a018-4e45-9be8-1653aea3d1f5/%E3%82%A8%E3%82%A2-%E3%82%B8%E3%83%A7%E3%83%BC%E3%83%80%E3%83%B3-1-low-%E3%83%A1%E3%83%B3%E3%82%BA%E3%82%B7%E3%83%A5%E3%83%BC%E3%82%BA-mm1M4c.png'/>,<img src='https://static.nike.com/a/images/t_default/f9a5af0e-f27d-4769-b1d0-767c4bffcc26/%E3%82%A8%E3%82%A2-%E3%82%B8%E3%83%A7%E3%83%BC%E3%83%80%E3%83%B3-1-low-%E3%83%A1%E3%83%B3%E3%82%BA%E3%82%B7%E3%83%A5%E3%83%BC%E3%82%BA-mm1M4c.png'/>,",원산지: 베트남
https://www.nike.com/jp/t/%E3%82%A8%E3%82%A2-%E3%82%B8%E3%83%A7%E3%83%BC%E3%83%80%E3%83%B3-1-low-%E3%83%A1%E3%83%B3%E3%82%BA%E3%82%B7%E3%83%A5%E3%83%BC%E3%82%BA-mm1M4c/553558-412,553558-412,553558-412.png,에어 조던 1 LOW,남성 신발,"15,400","JP 25,JP 25.5,JP 26,JP 26.5,JP 27,JP 27.5,JP 28,JP 28.5,JP 29,JP 29.5,JP 30,JP 30.5,JP 31,JP 32,JP 33,","0,0,0,5,5,5,5,5,5,0,5,0,0,5,5,",<img src='https://static.nike.com/a/images/t_default/38011d22-a923-44bc-b182-5d52c8f9b8ba/%E3%82%A8%E3%82%A2-%E3%82%B8%E3%83%A7%E3%83%BC%E3%83%80%E3%83%B3-1-low-%E3%83%A1%E3%83%B3%E3%82%BA%E3%82%B7%E3%83%A5%E3%83%BC%E3%82%BA-mm1M4c.png'/>,"<img src='https://static.nike.com/a/images/t_default/7a5102d2-490a-495e-8a24-76e37fc3360f/%E3%82%A8%E3%82%A2-%E3%82%B8%E3%83%A7%E3%83%BC%E3%83%80%E3%83%B3-1-low-%E3%83%A1%E3%83%B3%E3%82%BA%E3%82%B7%E3%83%A5%E3%83%BC%E3%82%BA-mm1M4c.png'/>,<img src='https://static.nike.com/a/videos/so_0.97/ixyee6ht3iln5mjxk8fu/%E3%82%A8%E3%82%A2-%E3%82%B8%E3%83%A7%E3%83%BC%E3%83%80%E3%83%B3-1-low-%E3%83%A1%E3%83%B3%E3%82%BA%E3%82%B7%E3%83%A5%E3%83%BC%E3%82%BA-mm1M4c.jpg'/>,<img src='https://static.nike.com/a/images/t_default/86c57c9d-2e8d-4072-8d70-f39a1d79fed8/%E3%82%A8%E3%82%A2-%E3%82%B8%E3%83%A7%E3%83%BC%E3%83%80%E3%83%B3-1-low-%E3%83%A1%E3%83%B3%E3%82%BA%E3%82%B7%E3%83%A5%E3%83%BC%E3%82%BA-mm1M4c.png'/>,<img src='https://static.nike.com/a/images/t_default/bf5cab2b-10d0-4345-952e-e75cc6eb5e9c/%E3%82%A8%E3%82%A2-%E3%82%B8%E3%83%A7%E3%83%BC%E3%83%80%E3%83%B3-1-low-%E3%83%A1%E3%83%B3%E3%82%BA%E3%82%B7%E3%83%A5%E3%83%BC%E3%82%BA-mm1M4c.png'/>,<img src='https://static.nike.com/a/images/t_default/38011d22-a923-44bc-b182-5d52c8f9b8ba/%E3%82%A8%E3%82%A2-%E3%82%B8%E3%83%A7%E3%83%BC%E3%83%80%E3%83%B3-1-low-%E3%83%A1%E3%83%B3%E3%82%BA%E3%82%B7%E3%83%A5%E3%83%BC%E3%82%BA-mm1M4c.png'/>,<img src='https://static.nike.com/a/images/t_default/1c15a9d4-50a1-4353-a026-e5188628c3e0/%E3%82%A8%E3%82%A2-%E3%82%B8%E3%83%A7%E3%83%BC%E3%83%80%E3%83%B3-1-low-%E3%83%A1%E3%83%B3%E3%82%BA%E3%82%B7%E3%83%A5%E3%83%BC%E3%82%BA-mm1M4c.png'/>,<img src='https://static.nike.com/a/images/t_default/a889803d-d32b-4361-b955-c633a2cce34c/%E3%82%A8%E3%82%A2-%E3%82%B8%E3%83%A7%E3%83%BC%E3%83%80%E3%83%B3-1-low-%E3%83%A1%E3%83%B3%E3%82%BA%E3%82%B7%E3%83%A5%E3%83%BC%E3%82%BA-mm1M4c.png'/>,<img src='https://static.nike.com/a/images/t_default/5dc88e9a-7409-46ab-8575-795013504920/%E3%82%A8%E3%82%A2-%E3%82%B8%E3%83%A7%E3%83%BC%E3%83%80%E3%83%B3-1-low-%E3%83%A1%E3%83%B3%E3%82%BA%E3%82%B7%E3%83%A5%E3%83%BC%E3%82%BA-mm1M4c.png'/>,<img src='https://static.nike.com/a/images/t_default/00f2d9b6-9228-4f01-a221-5ea178313d87/%E3%82%A8%E3%82%A2-%E3%82%B8%E3%83%A7%E3%83%BC%E3%83%80%E3%83%B3-1-low-%E3%83%A1%E3%83%B3%E3%82%BA%E3%82%B7%E3%83%A5%E3%83%BC%E3%82%BA-mm1M4c.png'/>,",원산지: 인도네시아
https://www.nike.com/jp/t/%E3%82%A8%E3%82%A2-%E3%82%B8%E3%83%A7%E3%83%BC%E3%83%80%E3%83%B3-1-low-%E3%83%A1%E3%83%B3%E3%82%BA%E3%82%B7%E3%83%A5%E3%83%BC%E3%82%BA-mm1M4c/553558-136,553558-136,553558-136.png,에어 조던 1 LOW,남성 신발,"15,400","JP 25,JP 25.5,JP 26,JP 26.5,JP 27,JP 27.5,JP 28,JP 28.5,JP 29,JP 29.5,JP 30,JP 30.5,JP 31,JP 32,JP 33,","5,5,5,5,5,5,5,5,5,5,5,5,5,5,5,",<img src='https://static.nike.com/a/images/t_default/fd2beb2c-8bc0-40f0-ab37-65cfc848ce4a/%E3%82%A8%E3%82%A2-%E3%82%B8%E3%83%A7%E3%83%BC%E3%83%80%E3%83%B3-1-low-%E3%83%A1%E3%83%B3%E3%82%BA%E3%82%B7%E3%83%A5%E3%83%BC%E3%82%BA-mm1M4c.png'/>,"<img src='https://static.nike.com/a/images/t_default/ab3ec819-7808-4cd8-ba1c-b1e9386c8540/%E3%82%A8%E3%82%A2-%E3%82%B8%E3%83%A7%E3%83%BC%E3%83%80%E3%83%B3-1-low-%E3%83%A1%E3%83%B3%E3%82%BA%E3%82%B7%E3%83%A5%E3%83%BC%E3%82%BA-mm1M4c.png'/>,<img src='https://static.nike.com/a/videos/so_0.91/ab073462-6ac7-4c5a-a55b-9e0e8831ab36/%E3%82%A8%E3%82%A2-%E3%82%B8%E3%83%A7%E3%83%BC%E3%83%80%E3%83%B3-1-low-%E3%83%A1%E3%83%B3%E3%82%BA%E3%82%B7%E3%83%A5%E3%83%BC%E3%82%BA-mm1M4c.jpg'/>,<img src='https://static.nike.com/a/images/t_default/6be1cff2-32bd-4ba0-856c-6614367d3227/%E3%82%A8%E3%82%A2-%E3%82%B8%E3%83%A7%E3%83%BC%E3%83%80%E3%83%B3-1-low-%E3%83%A1%E3%83%B3%E3%82%BA%E3%82%B7%E3%83%A5%E3%83%BC%E3%82%BA-mm1M4c.png'/>,<img src='https://static.nike.com/a/images/t_default/2c21bcdc-60a1-4aaa-bd8a-aba3e7380fca/%E3%82%A8%E3%82%A2-%E3%82%B8%E3%83%A7%E3%83%BC%E3%83%80%E3%83%B3-1-low-%E3%83%A1%E3%83%B3%E3%82%BA%E3%82%B7%E3%83%A5%E3%83%BC%E3%82%BA-mm1M4c.png'/>,<img src='https://static.nike.com/a/images/t_default/fd2beb2c-8bc0-40f0-ab37-65cfc848ce4a/%E3%82%A8%E3%82%A2-%E3%82%B8%E3%83%A7%E3%83%BC%E3%83%80%E3%83%B3-1-low-%E3%83%A1%E3%83%B3%E3%82%BA%E3%82%B7%E3%83%A5%E3%83%BC%E3%82%BA-mm1M4c.png'/>,<img src='https://static.nike.com/a/images/t_default/bd59810d-7a1e-4eb7-8505-7e006fddc60f/%E3%82%A8%E3%82%A2-%E3%82%B8%E3%83%A7%E3%83%BC%E3%83%80%E3%83%B3-1-low-%E3%83%A1%E3%83%B3%E3%82%BA%E3%82%B7%E3%83%A5%E3%83%BC%E3%82%BA-mm1M4c.png'/>,<img src='https://static.nike.com/a/images/t_default/e6b7f635-10cf-44bd-9603-fd42830833b4/%E3%82%A8%E3%82%A2-%E3%82%B8%E3%83%A7%E3%83%BC%E3%83%80%E3%83%B3-1-low-%E3%83%A1%E3%83%B3%E3%82%BA%E3%82%B7%E3%83%A5%E3%83%BC%E3%82%BA-mm1M4c.png'/>,<img src='https://static.nike.com/a/images/t_default/731fa483-c5f2-4989-8062-5ee2102b8939/%E3%82%A8%E3%82%A2-%E3%82%B8%E3%83%A7%E3%83%BC%E3%83%80%E3%83%B3-1-low-%E3%83%A1%E3%83%B3%E3%82%BA%E3%82%B7%E3%83%A5%E3%83%BC%E3%82%BA-mm1M4c.png'/>,<img src='https://static.nike.com/a/images/t_default/822e4461-2ce7-47de-8f23-1e3dec625731/%E3%82%A8%E3%82%A2-%E3%82%B8%E3%83%A7%E3%83%BC%E3%83%80%E3%83%B3-1-low-%E3%83%A1%E3%83%B3%E3%82%BA%E3%82%B7%E3%83%A5%E3%83%BC%E3%82%BA-mm1M4c.png'/>,",원산지: 베트남
https://www.nike.com/jp/t/%E3%82%A8%E3%82%A2-%E3%82%B8%E3%83%A7%E3%83%BC%E3%83%80%E3%83%B3-37-low-pf-%E3%83%A1%E3%83%B3%E3%82%BA%E3%83%90%E3%82%B9%E3%82%B1%E3%83%83%E3%83%88%E3%83%9C%E3%83%BC%E3%83%AB%E3%82%B7%E3%83%A5%E3%83%BC%E3%82%BA-GHV5XQ/DV9908-401,DV9908-401,DV9908-401.png,에어 조던 37 LOW PF,남성 농구 신발,"20,350","JP 23,JP 23.5 (US 5),JP 24 (US 6),JP 24.5,JP 25,JP 25.5,JP 26,JP 26.5,JP 27,JP 27.5,JP 28,JP 28.5,JP 29,JP 29.5,JP 30,JP 31,JP 32,","5,5,5,5,5,5,5,5,5,5,5,5,5,0,5,5,5,",<img src='https://static.nike.com/a/images/t_default/249c5042-8225-4636-b354-6d72b7b5fb40/%E3%82%A8%E3%82%A2-%E3%82%B8%E3%83%A7%E3%83%BC%E3%83%80%E3%83%B3-37-low-pf-%E3%83%A1%E3%83%B3%E3%82%BA%E3%83%90%E3%82%B9%E3%82%B1%E3%83%83%E3%83%88%E3%83%9C%E3%83%BC%E3%83%AB%E3%82%B7%E3%83%A5%E3%83%BC%E3%82%BA-GHV5XQ.png'/>,"<img src='https://static.nike.com/a/images/t_default/44f666b8-2809-4ad4-ae81-d6dd98756f31/%E3%82%A8%E3%82%A2-%E3%82%B8%E3%83%A7%E3%83%BC%E3%83%80%E3%83%B3-37-low-pf-%E3%83%A1%E3%83%B3%E3%82%BA%E3%83%90%E3%82%B9%E3%82%B1%E3%83%83%E3%83%88%E3%83%9C%E3%83%BC%E3%83%AB%E3%82%B7%E3%83%A5%E3%83%BC%E3%82%BA-GHV5XQ.png'/>,<img src='https://static.nike.com/a/images/t_default/9ee85576-7fe7-4e3f-9ff3-7961c7ca137c/%E3%82%A8%E3%82%A2-%E3%82%B8%E3%83%A7%E3%83%BC%E3%83%80%E3%83%B3-37-low-pf-%E3%83%A1%E3%83%B3%E3%82%BA%E3%83%90%E3%82%B9%E3%82%B1%E3%83%83%E3%83%88%E3%83%9C%E3%83%BC%E3%83%AB%E3%82%B7%E3%83%A5%E3%83%BC%E3%82%BA-GHV5XQ.png'/>,<img src='https://static.nike.com/a/images/t_default/13fe5185-59a9-43aa-8d4b-abb1eb1cbcdb/%E3%82%A8%E3%82%A2-%E3%82%B8%E3%83%A7%E3%83%BC%E3%83%80%E3%83%B3-37-low-pf-%E3%83%A1%E3%83%B3%E3%82%BA%E3%83%90%E3%82%B9%E3%82%B1%E3%83%83%E3%83%88%E3%83%9C%E3%83%BC%E3%83%AB%E3%82%B7%E3%83%A5%E3%83%BC%E3%82%BA-GHV5XQ.png'/>,<img src='https://static.nike.com/a/images/t_default/d345ece8-6194-4b59-bbf5-c228603c110e/%E3%82%A8%E3%82%A2-%E3%82%B8%E3%83%A7%E3%83%BC%E3%83%80%E3%83%B3-37-low-pf-%E3%83%A1%E3%83%B3%E3%82%BA%E3%83%90%E3%82%B9%E3%82%B1%E3%83%83%E3%83%88%E3%83%9C%E3%83%BC%E3%83%AB%E3%82%B7%E3%83%A5%E3%83%BC%E3%82%BA-GHV5XQ.png'/>,<img src='https://static.nike.com/a/images/t_default/249c5042-8225-4636-b354-6d72b7b5fb40/%E3%82%A8%E3%82%A2-%E3%82%B8%E3%83%A7%E3%83%BC%E3%83%80%E3%83%B3-37-low-pf-%E3%83%A1%E3%83%B3%E3%82%BA%E3%83%90%E3%82%B9%E3%82%B1%E3%83%83%E3%83%88%E3%83%9C%E3%83%BC%E3%83%AB%E3%82%B7%E3%83%A5%E3%83%BC%E3%82%BA-GHV5XQ.png'/>,<img src='https://static.nike.com/a/images/t_default/307eb4b6-3706-49e6-9533-4eed9eabf0f1/%E3%82%A8%E3%82%A2-%E3%82%B8%E3%83%A7%E3%83%BC%E3%83%80%E3%83%B3-37-low-pf-%E3%83%A1%E3%83%B3%E3%82%BA%E3%83%90%E3%82%B9%E3%82%B1%E3%83%83%E3%83%88%E3%83%9C%E3%83%BC%E3%83%AB%E3%82%B7%E3%83%A5%E3%83%BC%E3%82%BA-GHV5XQ.png'/>,<img src='https://static.nike.com/a/images/t_default/cb84ad4e-c603-46f4-9c78-1f33adac6daf/%E3%82%A8%E3%82%A2-%E3%82%B8%E3%83%A7%E3%83%BC%E3%83%80%E3%83%B3-37-low-pf-%E3%83%A1%E3%83%B3%E3%82%BA%E3%83%90%E3%82%B9%E3%82%B1%E3%83%83%E3%83%88%E3%83%9C%E3%83%BC%E3%83%AB%E3%82%B7%E3%83%A5%E3%83%BC%E3%82%BA-GHV5XQ.png'/>,<img src='https://static.nike.com/a/images/t_default/9698790e-bb1e-424a-8027-1034dd134665/%E3%82%A8%E3%82%A2-%E3%82%B8%E3%83%A7%E3%83%BC%E3%83%80%E3%83%B3-37-low-pf-%E3%83%A1%E3%83%B3%E3%82%BA%E3%83%90%E3%82%B9%E3%82%B1%E3%83%83%E3%83%88%E3%83%9C%E3%83%BC%E3%83%AB%E3%82%B7%E3%83%A5%E3%83%BC%E3%82%BA-GHV5XQ.png'/>,<img src='https://static.nike.com/a/images/t_default/bdb0df62-b394-474c-9ec3-97818dba9e47/%E3%82%A8%E3%82%A2-%E3%82%B8%E3%83%A7%E3%83%BC%E3%83%80%E3%83%B3-37-low-pf-%E3%83%A1%E3%83%B3%E3%82%BA%E3%83%90%E3%82%B9%E3%82%B1%E3%83%83%E3%83%88%E3%83%9C%E3%83%BC%E3%83%AB%E3%82%B7%E3%83%A5%E3%83%BC%E3%82%BA-GHV5XQ.png'/>,<img src='https://static.nike.com/a/images/t_default/eceba93d-0231-422c-88d6-2f617fca01f4/%E3%82%A8%E3%82%A2-%E3%82%B8%E3%83%A7%E3%83%BC%E3%83%80%E3%83%B3-37-low-pf-%E3%83%A1%E3%83%B3%E3%82%BA%E3%83%90%E3%82%B9%E3%82%B1%E3%83%83%E3%83%88%E3%83%9C%E3%83%BC%E3%83%AB%E3%82%B7%E3%83%A5%E3%83%BC%E3%82%BA-GHV5XQ.png'/>,",원산지: 베트남
https://www.nike.com/jp/t/%E3%82%B6%E3%82%A4%E3%82%AA%E3%83%B3-2-%C3%97-%E3%83%8A%E3%83%AB%E3%83%88-pf-%E3%83%90%E3%82%B9%E3%82%B1%E3%83%83%E3%83%88%E3%83%9C%E3%83%BC%E3%83%AB%E3%82%B7%E3%83%A5%E3%83%BC%E3%82%BA-41PGRv/FB2219-087,FB2219-087,FB2219-087.png,자이온 2 × 나루토 PF,남성 농구 신발,"16,500",,,<img src='https://static.nike.com/a/images/t_default/f5d6b305-c1b5-41ec-b151-b0201f003186/%E3%82%B6%E3%82%A4%E3%82%AA%E3%83%B3-2-%C3%97-%E3%83%8A%E3%83%AB%E3%83%88-pf-%E3%83%90%E3%82%B9%E3%82%B1%E3%83%83%E3%83%88%E3%83%9C%E3%83%BC%E3%83%AB%E3%82%B7%E3%83%A5%E3%83%BC%E3%82%BA-41PGRv.png'/>,"<img src='https://static.nike.com/a/images/t_default/5847d5b9-4b55-498d-b7e2-473d0b8d6045/%E3%82%B6%E3%82%A4%E3%82%AA%E3%83%B3-2-%C3%97-%E3%83%8A%E3%83%AB%E3%83%88-pf-%E3%83%90%E3%82%B9%E3%82%B1%E3%83%83%E3%83%88%E3%83%9C%E3%83%BC%E3%83%AB%E3%82%B7%E3%83%A5%E3%83%BC%E3%82%BA-41PGRv.png'/>,<img src='https://static.nike.com/a/images/t_default/60fb9f7c-d8e8-4b32-aa56-a8f3a4af5eeb/%E3%82%B6%E3%82%A4%E3%82%AA%E3%83%B3-2-%C3%97-%E3%83%8A%E3%83%AB%E3%83%88-pf-%E3%83%90%E3%82%B9%E3%82%B1%E3%83%83%E3%83%88%E3%83%9C%E3%83%BC%E3%83%AB%E3%82%B7%E3%83%A5%E3%83%BC%E3%82%BA-41PGRv.png'/>,<img src='https://static.nike.com/a/images/t_default/9169e25a-b10a-4816-b4d0-f6f06ff79ed1/%E3%82%B6%E3%82%A4%E3%82%AA%E3%83%B3-2-%C3%97-%E3%83%8A%E3%83%AB%E3%83%88-pf-%E3%83%90%E3%82%B9%E3%82%B1%E3%83%83%E3%83%88%E3%83%9C%E3%83%BC%E3%83%AB%E3%82%B7%E3%83%A5%E3%83%BC%E3%82%BA-41PGRv.png'/>,<img src='https://static.nike.com/a/images/t_default/832939bd-aa71-4a13-a740-f81661f0321c/%E3%82%B6%E3%82%A4%E3%82%AA%E3%83%B3-2-%C3%97-%E3%83%8A%E3%83%AB%E3%83%88-pf-%E3%83%90%E3%82%B9%E3%82%B1%E3%83%83%E3%83%88%E3%83%9C%E3%83%BC%E3%83%AB%E3%82%B7%E3%83%A5%E3%83%BC%E3%82%BA-41PGRv.png'/>,<img src='https://static.nike.com/a/images/t_default/f5d6b305-c1b5-41ec-b151-b0201f003186/%E3%82%B6%E3%82%A4%E3%82%AA%E3%83%B3-2-%C3%97-%E3%83%8A%E3%83%AB%E3%83%88-pf-%E3%83%90%E3%82%B9%E3%82%B1%E3%83%83%E3%83%88%E3%83%9C%E3%83%BC%E3%83%AB%E3%82%B7%E3%83%A5%E3%83%BC%E3%82%BA-41PGRv.png'/>,<img src='https://static.nike.com/a/images/t_default/d90b9093-a9ad-4aef-8521-2127a936416b/%E3%82%B6%E3%82%A4%E3%82%AA%E3%83%B3-2-%C3%97-%E3%83%8A%E3%83%AB%E3%83%88-pf-%E3%83%90%E3%82%B9%E3%82%B1%E3%83%83%E3%83%88%E3%83%9C%E3%83%BC%E3%83%AB%E3%82%B7%E3%83%A5%E3%83%BC%E3%82%BA-41PGRv.png'/>,<img src='https://static.nike.com/a/images/t_default/67585cd4-a248-4b16-9dea-398e8d3cb4c3/%E3%82%B6%E3%82%A4%E3%82%AA%E3%83%B3-2-%C3%97-%E3%83%8A%E3%83%AB%E3%83%88-pf-%E3%83%90%E3%82%B9%E3%82%B1%E3%83%83%E3%83%88%E3%83%9C%E3%83%BC%E3%83%AB%E3%82%B7%E3%83%A5%E3%83%BC%E3%82%BA-41PGRv.png'/>,<img src='https://static.nike.com/a/images/t_default/901c23df-6804-42e0-bd4b-b9cf86380996/%E3%82%B6%E3%82%A4%E3%82%AA%E3%83%B3-2-%C3%97-%E3%83%8A%E3%83%AB%E3%83%88-pf-%E3%83%90%E3%82%B9%E3%82%B1%E3%83%83%E3%83%88%E3%83%9C%E3%83%BC%E3%83%AB%E3%82%B7%E3%83%A5%E3%83%BC%E3%82%BA-41PGRv.png'/>,<img src='https://static.nike.com/a/images/t_default/fb1611b0-78a6-4fd0-ae6f-01685d6e9db3/%E3%82%B6%E3%82%A4%E3%82%AA%E3%83%B3-2-%C3%97-%E3%83%8A%E3%83%AB%E3%83%88-pf-%E3%83%90%E3%82%B9%E3%82%B1%E3%83%83%E3%83%88%E3%83%9C%E3%83%BC%E3%83%AB%E3%82%B7%E3%83%A5%E3%83%BC%E3%82%BA-41PGRv.png'/>,<img src='https://static.nike.com/a/images/t_default/f5b088dc-344d-4754-befb-2d19498c6585/%E3%82%B6%E3%82%A4%E3%82%AA%E3%83%B3-2-%C3%97-%E3%83%8A%E3%83%AB%E3%83%88-pf-%E3%83%90%E3%82%B9%E3%82%B1%E3%83%83%E3%83%88%E3%83%9C%E3%83%BC%E3%83%AB%E3%82%B7%E3%83%A5%E3%83%BC%E3%82%BA-41PGRv.png'/>,",원산지: 베트남
https://www.nike.com/jp/t/%E3%82%A8%E3%82%A2-%E3%82%B8%E3%83%A7%E3%83%BC%E3%83%80%E3%83%B3-37-%E3%82%B6%E3%82%A4%E3%82%AA%E3%83%B3-%E3%83%90%E3%82%B9%E3%82%B1%E3%83%83%E3%83%88%E3%83%9C%E3%83%BC%E3%83%AB%E3%82%B7%E3%83%A5%E3%83%BC%E3%82%BA-LMZFc3/DX1690-400,DX1690-400,DX1690-400.png,에어 조던 37 시온,농구 신발,"24,200",,,"<img src='https://static.nike.com/a/images/t_PDP_1280_v1/f_auto,q_auto:eco/6e323a48-c4ac-49da-a4be-da51a9feb8aa/%E3%82%A8%E3%82%A2-%E3%82%B8%E3%83%A7%E3%83%BC%E3%83%80%E3%83%B3-37-%E3%82%B6%E3%82%A4%E3%82%AA%E3%83%B3-%E3%83%90%E3%82%B9%E3%82%B1%E3%83%83%E3%83%88%E3%83%9C%E3%83%BC%E3%83%AB%E3%82%B7%E3%83%A5%E3%83%BC%E3%82%BA-LMZFc3.png'/>","<img src='https://static.nike.com/a/images/t_PDP_1280_v1/f_auto,q_auto:eco/cec14e08-a834-4f5d-ac12-7f4134a4a2c7/%E3%82%A8%E3%82%A2-%E3%82%B8%E3%83%A7%E3%83%BC%E3%83%80%E3%83%B3-37-%E3%82%B6%E3%82%A4%E3%82%AA%E3%83%B3-%E3%83%90%E3%82%B9%E3%82%B1%E3%83%83%E3%83%88%E3%83%9C%E3%83%BC%E3%83%AB%E3%82%B7%E3%83%A5%E3%83%BC%E3%82%BA-LMZFc3.png'/>,<img src='https://static.nike.com/a/images/t_PDP_1280_v1/f_auto,q_auto:eco/d6e62738-cbf9-49a9-8398-94c5cb426aed/%E3%82%A8%E3%82%A2-%E3%82%B8%E3%83%A7%E3%83%BC%E3%83%80%E3%83%B3-37-%E3%82%B6%E3%82%A4%E3%82%AA%E3%83%B3-%E3%83%90%E3%82%B9%E3%82%B1%E3%83%83%E3%83%88%E3%83%9C%E3%83%BC%E3%83%AB%E3%82%B7%E3%83%A5%E3%83%BC%E3%82%BA-LMZFc3.png'/>,<img src='https://static.nike.com/a/images/t_PDP_1280_v1/f_auto,q_auto:eco/29d8ba5d-bd46-4b48-a289-1dbb8a83a519/%E3%82%A8%E3%82%A2-%E3%82%B8%E3%83%A7%E3%83%BC%E3%83%80%E3%83%B3-37-%E3%82%B6%E3%82%A4%E3%82%AA%E3%83%B3-%E3%83%90%E3%82%B9%E3%82%B1%E3%83%83%E3%83%88%E3%83%9C%E3%83%BC%E3%83%AB%E3%82%B7%E3%83%A5%E3%83%BC%E3%82%BA-LMZFc3.png'/>,<img src='https://static.nike.com/a/images/t_PDP_1280_v1/f_auto,q_auto:eco/51c7e2be-4a7f-44e5-813d-5955111a80cf/%E3%82%A8%E3%82%A2-%E3%82%B8%E3%83%A7%E3%83%BC%E3%83%80%E3%83%B3-37-%E3%82%B6%E3%82%A4%E3%82%AA%E3%83%B3-%E3%83%90%E3%82%B9%E3%82%B1%E3%83%83%E3%83%88%E3%83%9C%E3%83%BC%E3%83%AB%E3%82%B7%E3%83%A5%E3%83%BC%E3%82%BA-LMZFc3.png'/>,<img src='https://static.nike.com/a/images/t_PDP_1280_v1/f_auto,q_auto:eco/6e323a48-c4ac-49da-a4be-da51a9feb8aa/%E3%82%A8%E3%82%A2-%E3%82%B8%E3%83%A7%E3%83%BC%E3%83%80%E3%83%B3-37-%E3%82%B6%E3%82%A4%E3%82%AA%E3%83%B3-%E3%83%90%E3%82%B9%E3%82%B1%E3%83%83%E3%83%88%E3%83%9C%E3%83%BC%E3%83%AB%E3%82%B7%E3%83%A5%E3%83%BC%E3%82%BA-LMZFc3.png'/>,<img src='https://static.nike.com/a/images/t_PDP_1280_v1/f_auto,q_auto:eco/1932824b-f9d7-4147-93e5-c01d8ac5bb0e/%E3%82%A8%E3%82%A2-%E3%82%B8%E3%83%A7%E3%83%BC%E3%83%80%E3%83%B3-37-%E3%82%B6%E3%82%A4%E3%82%AA%E3%83%B3-%E3%83%90%E3%82%B9%E3%82%B1%E3%83%83%E3%83%88%E3%83%9C%E3%83%BC%E3%83%AB%E3%82%B7%E3%83%A5%E3%83%BC%E3%82%BA-LMZFc3.png'/>,<img src='https://static.nike.com/a/images/t_PDP_1280_v1/f_auto,q_auto:eco/25ed7775-51e6-44f3-b059-30efe16a9ff3/%E3%82%A8%E3%82%A2-%E3%82%B8%E3%83%A7%E3%83%BC%E3%83%80%E3%83%B3-37-%E3%82%B6%E3%82%A4%E3%82%AA%E3%83%B3-%E3%83%90%E3%82%B9%E3%82%B1%E3%83%83%E3%83%88%E3%83%9C%E3%83%BC%E3%83%AB%E3%82%B7%E3%83%A5%E3%83%BC%E3%82%BA-LMZFc3.png'/>,<img src='https://static.nike.com/a/images/t_PDP_1280_v1/f_auto,q_auto:eco/e9203585-95d3-4e14-bb08-2778a74d7c83/%E3%82%A8%E3%82%A2-%E3%82%B8%E3%83%A7%E3%83%BC%E3%83%80%E3%83%B3-37-%E3%82%B6%E3%82%A4%E3%82%AA%E3%83%B3-%E3%83%90%E3%82%B9%E3%82%B1%E3%83%83%E3%83%88%E3%83%9C%E3%83%BC%E3%83%AB%E3%82%B7%E3%83%A5%E3%83%BC%E3%82%BA-LMZFc3.png'/>,",원산지: 베트남
https://www.nike.com/jp/t/%E3%82%B6%E3%82%A4%E3%82%AA%E3%83%B3-2-pf-%E3%83%90%E3%82%B9%E3%82%B1%E3%83%83%E3%83%88%E3%83%9C%E3%83%BC%E3%83%AB%E3%82%B7%E3%83%A5%E3%83%BC%E3%82%BA-7MGwLH/DM0858-367,DM0858-367,DM0858-367.png,시온 2 PF,남성 농구 신발,"13,200",,,<img src='https://static.nike.com/a/images/t_default/1bcdab5d-b34f-4dbc-989c-736948f7a8f2/%E3%82%B6%E3%82%A4%E3%82%AA%E3%83%B3-2-pf-%E3%83%90%E3%82%B9%E3%82%B1%E3%83%83%E3%83%88%E3%83%9C%E3%83%BC%E3%83%AB%E3%82%B7%E3%83%A5%E3%83%BC%E3%82%BA-7MGwLH.png'/>,"<img src='https://static.nike.com/a/images/t_default/68d0228a-eb7d-4078-ab50-d9382854178c/%E3%82%B6%E3%82%A4%E3%82%AA%E3%83%B3-2-pf-%E3%83%90%E3%82%B9%E3%82%B1%E3%83%83%E3%83%88%E3%83%9C%E3%83%BC%E3%83%AB%E3%82%B7%E3%83%A5%E3%83%BC%E3%82%BA-7MGwLH.png'/>,<img src='https://static.nike.com/a/images/t_default/2b629c36-d41d-40de-bd4e-a8303c692183/%E3%82%B6%E3%82%A4%E3%82%AA%E3%83%B3-2-pf-%E3%83%90%E3%82%B9%E3%82%B1%E3%83%83%E3%83%88%E3%83%9C%E3%83%BC%E3%83%AB%E3%82%B7%E3%83%A5%E3%83%BC%E3%82%BA-7MGwLH.png'/>,<img src='https://static.nike.com/a/images/t_default/522b2f4d-9ff3-48b0-8e89-539b74eafb9f/%E3%82%B6%E3%82%A4%E3%82%AA%E3%83%B3-2-pf-%E3%83%90%E3%82%B9%E3%82%B1%E3%83%83%E3%83%88%E3%83%9C%E3%83%BC%E3%83%AB%E3%82%B7%E3%83%A5%E3%83%BC%E3%82%BA-7MGwLH.png'/>,<img src='https://static.nike.com/a/images/t_default/254a8b14-88b0-4251-9e5e-511e5d590d00/%E3%82%B6%E3%82%A4%E3%82%AA%E3%83%B3-2-pf-%E3%83%90%E3%82%B9%E3%82%B1%E3%83%83%E3%83%88%E3%83%9C%E3%83%BC%E3%83%AB%E3%82%B7%E3%83%A5%E3%83%BC%E3%82%BA-7MGwLH.png'/>,<img src='https://static.nike.com/a/images/t_default/1bcdab5d-b34f-4dbc-989c-736948f7a8f2/%E3%82%B6%E3%82%A4%E3%82%AA%E3%83%B3-2-pf-%E3%83%90%E3%82%B9%E3%82%B1%E3%83%83%E3%83%88%E3%83%9C%E3%83%BC%E3%83%AB%E3%82%B7%E3%83%A5%E3%83%BC%E3%82%BA-7MGwLH.png'/>,<img src='https://static.nike.com/a/images/t_default/51d52ba2-4bc4-46f1-9e78-32e1f157df65/%E3%82%B6%E3%82%A4%E3%82%AA%E3%83%B3-2-pf-%E3%83%90%E3%82%B9%E3%82%B1%E3%83%83%E3%83%88%E3%83%9C%E3%83%BC%E3%83%AB%E3%82%B7%E3%83%A5%E3%83%BC%E3%82%BA-7MGwLH.png'/>,<img src='https://static.nike.com/a/images/t_default/679d45e2-e13c-4574-b916-c66c2acdff1c/%E3%82%B6%E3%82%A4%E3%82%AA%E3%83%B3-2-pf-%E3%83%90%E3%82%B9%E3%82%B1%E3%83%83%E3%83%88%E3%83%9C%E3%83%BC%E3%83%AB%E3%82%B7%E3%83%A5%E3%83%BC%E3%82%BA-7MGwLH.png'/>,<img src='https://static.nike.com/a/images/t_default/a1fcc602-662f-4c65-997f-bbedb6ad03d9/%E3%82%B6%E3%82%A4%E3%82%AA%E3%83%B3-2-pf-%E3%83%90%E3%82%B9%E3%82%B1%E3%83%83%E3%83%88%E3%83%9C%E3%83%BC%E3%83%AB%E3%82%B7%E3%83%A5%E3%83%BC%E3%82%BA-7MGwLH.png'/>,",원산지: 베트남
https://www.nike.com/jp/t/%E3%82%B8%E3%83%A7%E3%83%BC%E3%83%80%E3%83%B3-%E3%82%B9%E3%83%BC%E3%83%91%E3%83%BC-%E3%83%97%E3%83%AC%E3%83%BC-%E3%83%A1%E3%83%B3%E3%82%BA%E3%82%B9%E3%83%A9%E3%82%A4%E3%83%89-lJnrxK/DM1683-206,DM1683-206,DM1683-206.png,조던 슈퍼 플레이,남성 슬라이드,"7,150",,,"<img src='https://static.nike.com/a/images/t_PDP_1280_v1/f_auto,q_auto:eco/4a1662cc-e74a-4da9-9de9-c8afd5485f1f/%E3%82%B8%E3%83%A7%E3%83%BC%E3%83%80%E3%83%B3-%E3%82%B9%E3%83%BC%E3%83%91%E3%83%BC-%E3%83%97%E3%83%AC%E3%83%BC-%E3%83%A1%E3%83%B3%E3%82%BA%E3%82%B9%E3%83%A9%E3%82%A4%E3%83%89-lJnrxK.png'/>","<img src='https://static.nike.com/a/images/t_PDP_1280_v1/f_auto,q_auto:eco/f56cc204-748a-4ce4-9991-85b1d213d05b/%E3%82%B8%E3%83%A7%E3%83%BC%E3%83%80%E3%83%B3-%E3%82%B9%E3%83%BC%E3%83%91%E3%83%BC-%E3%83%97%E3%83%AC%E3%83%BC-%E3%83%A1%E3%83%B3%E3%82%BA%E3%82%B9%E3%83%A9%E3%82%A4%E3%83%89-lJnrxK.png'/>,<img src='https://static.nike.com/a/images/t_PDP_1280_v1/f_auto,q_auto:eco/3b939379-e4fa-4623-b8fc-fd041af2d1b8/%E3%82%B8%E3%83%A7%E3%83%BC%E3%83%80%E3%83%B3-%E3%82%B9%E3%83%BC%E3%83%91%E3%83%BC-%E3%83%97%E3%83%AC%E3%83%BC-%E3%83%A1%E3%83%B3%E3%82%BA%E3%82%B9%E3%83%A9%E3%82%A4%E3%83%89-lJnrxK.png'/>,<img src='https://static.nike.com/a/images/t_PDP_1280_v1/f_auto,q_auto:eco/4f07b190-a777-4104-aadd-addc131f6b0d/%E3%82%B8%E3%83%A7%E3%83%BC%E3%83%80%E3%83%B3-%E3%82%B9%E3%83%BC%E3%83%91%E3%83%BC-%E3%83%97%E3%83%AC%E3%83%BC-%E3%83%A1%E3%83%B3%E3%82%BA%E3%82%B9%E3%83%A9%E3%82%A4%E3%83%89-lJnrxK.png'/>,<img src='https://static.nike.com/a/images/t_PDP_1280_v1/f_auto,q_auto:eco/0eba4a4c-2e8a-48b9-b3d4-958bcc09dbee/%E3%82%B8%E3%83%A7%E3%83%BC%E3%83%80%E3%83%B3-%E3%82%B9%E3%83%BC%E3%83%91%E3%83%BC-%E3%83%97%E3%83%AC%E3%83%BC-%E3%83%A1%E3%83%B3%E3%82%BA%E3%82%B9%E3%83%A9%E3%82%A4%E3%83%89-lJnrxK.png'/>,<img src='https://static.nike.com/a/images/t_PDP_1280_v1/f_auto,q_auto:eco/4a1662cc-e74a-4da9-9de9-c8afd5485f1f/%E3%82%B8%E3%83%A7%E3%83%BC%E3%83%80%E3%83%B3-%E3%82%B9%E3%83%BC%E3%83%91%E3%83%BC-%E3%83%97%E3%83%AC%E3%83%BC-%E3%83%A1%E3%83%B3%E3%82%BA%E3%82%B9%E3%83%A9%E3%82%A4%E3%83%89-lJnrxK.png'/>,<img src='https://static.nike.com/a/images/t_PDP_1280_v1/f_auto,q_auto:eco/be502cd8-739c-4980-bb66-6e08c4469e5d/%E3%82%B8%E3%83%A7%E3%83%BC%E3%83%80%E3%83%B3-%E3%82%B9%E3%83%BC%E3%83%91%E3%83%BC-%E3%83%97%E3%83%AC%E3%83%BC-%E3%83%A1%E3%83%B3%E3%82%BA%E3%82%B9%E3%83%A9%E3%82%A4%E3%83%89-lJnrxK.png'/>,",원산지: 베트남
https://www.nike.com/jp/launch/t/terminator-high-velvet-brown,커스텀모델이라 패스,커스텀모델이라 패스.png,,,"","","","e","i,m,a,g,e,s,",""
https://www.nike.com/jp/u/custom-nike-air-zoom-pegasus-39-by-you-10001265/9744133703,커스텀모델이라 패스,커스텀모델이라 패스.png,,,"","","","e","i,m,a,g,e,s,",""
https://www.nike.com/jp/t/%E3%83%8A%E3%82%A4%E3%82%AD-%E3%82%A8%E3%82%A2-%E3%83%9E%E3%83%83%E3%82%AF%E3%82%B9-1-%E3%83%97%E3%83%AC%E3%83%9F%E3%82%A2%E3%83%A0-%E3%82%A6%E3%82%A3%E3%83%A1%E3%83%B3%E3%82%BA%E3%82%B7%E3%83%A5%E3%83%BC%E3%82%BA-BS4f8q/DZ5352-847,DZ5352-847,DZ5352-847.png,나이키 에어 맥스 1 프리미엄,여성 신발,"15,899","JP 22,JP 22.5,JP 23,JP 23.5,JP 24,JP 24.5,JP 25,JP 25.5,JP 26,JP 26.5,JP 27,JP 27.5,JP 28,JP 28.5,JP 29,","5,5,5,0,0,5,5,5,5,5,5,5,5,0,0,","<img src='https://static.nike.com/a/images/t_default/df8737d4-827d-4083-b2cc-19bbcffdb312/%E3%83%8A%E3%82%A4%E3%82%AD-%E3%82%A8%E3%82%A2-%E3%83%9E%E3%83%83%E3%82%AF%E3%82%B9-1-%E3%83%97%E3%83%AC%E3%83%9F%E3%82%A2%E3%83%A0-%E3%82%A6%E3%82%A3%E3%83%A1%E3%83%B3%E3%82%BA%E3%82%B7%E3%83%A5%E3%83%BC%E3%82%BA-BS4f8q.png'/>","<img src='https://static.nike.com/a/images/t_default/569afeec-3b6f-4af8-a05b-340ccc34d985/%E3%83%8A%E3%82%A4%E3%82%AD-%E3%82%A8%E3%82%A2-%E3%83%9E%E3%83%83%E3%82%AF%E3%82%B9-1-%E3%83%97%E3%83%AC%E3%83%9F%E3%82%A2%E3%83%A0-%E3%82%A6%E3%82%A3%E3%83%A1%E3%83%B3%E3%82%BA%E3%82%B7%E3%83%A5%E3%83%BC%E3%82%BA-BS4f8q.png'/>,<img src='https://static.nike.com/a/images/t_default/a20fd2ba-2fb8-4f2e-84f8-25049666ee8c/%E3%83%8A%E3%82%A4%E3%82%AD-%E3%82%A8%E3%82%A2-%E3%83%9E%E3%83%83%E3%82%AF%E3%82%B9-1-%E3%83%97%E3%83%AC%E3%83%9F%E3%82%A2%E3%83%A0-%E3%82%A6%E3%82%A3%E3%83%A1%E3%83%B3%E3%82%BA%E3%82%B7%E3%83%A5%E3%83%BC%E3%82%BA-BS4f8q.png'/>,<img src='https://static.nike.com/a/images/t_default/d623a4d4-c410-4cf3-9a53-e3accdd0079d/%E3%83%8A%E3%82%A4%E3%82%AD-%E3%82%A8%E3%82%A2-%E3%83%9E%E3%83%83%E3%82%AF%E3%82%B9-1-%E3%83%97%E3%83%AC%E3%83%9F%E3%82%A2%E3%83%A0-%E3%82%A6%E3%82%A3%E3%83%A1%E3%83%B3%E3%82%BA%E3%82%B7%E3%83%A5%E3%83%BC%E3%82%BA-BS4f8q.png'/>,<img src='https://static.nike.com/a/images/t_default/c17aea82-270b-4a41-b62b-5bd495c03852/%E3%83%8A%E3%82%A4%E3%82%AD-%E3%82%A8%E3%82%A2-%E3%83%9E%E3%83%83%E3%82%AF%E3%82%B9-1-%E3%83%97%E3%83%AC%E3%83%9F%E3%82%A2%E3%83%A0-%E3%82%A6%E3%82%A3%E3%83%A1%E3%83%B3%E3%82%BA%E3%82%B7%E3%83%A5%E3%83%BC%E3%82%BA-BS4f8q.png'/>,<img src='https://static.nike.com/a/images/t_default/df8737d4-827d-4083-b2cc-19bbcffdb312/%E3%83%8A%E3%82%A4%E3%82%AD-%E3%82%A8%E3%82%A2-%E3%83%9E%E3%83%83%E3%82%AF%E3%82%B9-1-%E3%83%97%E3%83%AC%E3%83%9F%E3%82%A2%E3%83%A0-%E3%82%A6%E3%82%A3%E3%83%A1%E3%83%B3%E3%82%BA%E3%82%B7%E3%83%A5%E3%83%BC%E3%82%BA-BS4f8q.png'/>,<img src='https://static.nike.com/a/images/t_default/617f4195-0bb8-4bd5-8e16-45f809b35957/%E3%83%8A%E3%82%A4%E3%82%AD-%E3%82%A8%E3%82%A2-%E3%83%9E%E3%83%83%E3%82%AF%E3%82%B9-1-%E3%83%97%E3%83%AC%E3%83%9F%E3%82%A2%E3%83%A0-%E3%82%A6%E3%82%A3%E3%83%A1%E3%83%B3%E3%82%BA%E3%82%B7%E3%83%A5%E3%83%BC%E3%82%BA-BS4f8q.png'/>,<img src='https://static.nike.com/a/images/t_default/4ba6ad18-0eb5-4e1e-856e-4a3b7b8a3b60/%E3%83%8A%E3%82%A4%E3%82%AD-%E3%82%A8%E3%82%A2-%E3%83%9E%E3%83%83%E3%82%AF%E3%82%B9-1-%E3%83%97%E3%83%AC%E3%83%9F%E3%82%A2%E3%83%A0-%E3%82%A6%E3%82%A3%E3%83%A1%E3%83%B3%E3%82%BA%E3%82%B7%E3%83%A5%E3%83%BC%E3%82%BA-BS4f8q.png'/>,<img src='https://static.nike.com/a/images/t_default/a1107103-4a60-44d7-a1f9-eda82fb14d57/%E3%83%8A%E3%82%A4%E3%82%AD-%E3%82%A8%E3%82%A2-%E3%83%9E%E3%83%83%E3%82%AF%E3%82%B9-1-%E3%83%97%E3%83%AC%E3%83%9F%E3%82%A2%E3%83%A0-%E3%82%A6%E3%82%A3%E3%83%A1%E3%83%B3%E3%82%BA%E3%82%B7%E3%83%A5%E3%83%BC%E3%82%BA-BS4f8q.png'/>,<img src='https://static.nike.com/a/images/t_default/0cb58908-85e7-45b9-9a58-031bac77251a/%E3%83%8A%E3%82%A4%E3%82%AD-%E3%82%A8%E3%82%A2-%E3%83%9E%E3%83%83%E3%82%AF%E3%82%B9-1-%E3%83%97%E3%83%AC%E3%83%9F%E3%82%A2%E3%83%A0-%E3%82%A6%E3%82%A3%E3%83%A1%E3%83%B3%E3%82%BA%E3%82%B7%E3%83%A5%E3%83%BC%E3%82%BA-BS4f8q.png'/>,<img src='https://static.nike.com/a/images/t_default/bf381958-723f-4b96-9e18-6fe22bb1605f/%E3%83%8A%E3%82%A4%E3%82%AD-%E3%82%A8%E3%82%A2-%E3%83%9E%E3%83%83%E3%82%AF%E3%82%B9-1-%E3%83%97%E3%83%AC%E3%83%9F%E3%82%A2%E3%83%A0-%E3%82%A6%E3%82%A3%E3%83%A1%E3%83%B3%E3%82%BA%E3%82%B7%E3%83%A5%E3%83%BC%E3%82%BA-BS4f8q.png'/>,<img src='https://static.nike.com/a/images/t_default/2232924f-ddf3-4243-8a07-740f3e2bbdac/%E3%83%8A%E3%82%A4%E3%82%AD-%E3%82%A8%E3%82%A2-%E3%83%9E%E3%83%83%E3%82%AF%E3%82%B9-1-%E3%83%97%E3%83%AC%E3%83%9F%E3%82%A2%E3%83%A0-%E3%82%A6%E3%82%A3%E3%83%A1%E3%83%B3%E3%82%BA%E3%82%B7%E3%83%A5%E3%83%BC%E3%82%BA-BS4f8q.png'/>,<img src='https://static.nike.com/a/images/t_default/bf0937fb-1de7-48bb-bd7f-e118071a80dc/%E3%83%8A%E3%82%A4%E3%82%AD-%E3%82%A8%E3%82%A2-%E3%83%9E%E3%83%83%E3%82%AF%E3%82%B9-1-%E3%83%97%E3%83%AC%E3%83%9F%E3%82%A2%E3%83%A0-%E3%82%A6%E3%82%A3%E3%83%A1%E3%83%B3%E3%82%BA%E3%82%B7%E3%83%A5%E3%83%BC%E3%82%BA-BS4f8q.png'/>,","원산지: 중국"
